,ID_stats,Age_stats,Income_stats
Original,50000.5,53.3404,50043.060227855705
Filled,50000.5,53.34039999999999,50043.06022785571
Dropped,50000.138362767255,53.3404,50043.060227855705
Interpolated,50000.5,53.34674,50046.44284570315
